{
  "west": 14.717000258551787,
  "east": 14.729822363211111,
  "south": 45.79651114734346,
  "north": 45.80554122679502,
  "corners": [
    [
      14.717000258551787,
      45.80554122679502
    ],
    [
      14.729822363211111,
      45.80554122679502
    ],
    [
      14.729822363211111,
      45.79651114734346
    ],
    [
      14.717000258551787,
      45.79651114734346
    ]
  ],
  "center": [
    14.723411310881449,
    45.80102618706924
  ],
  "epsg3794": {
    "x0": 477999.886,
    "y0": 72999.879,
    "x1": 479000.056,
    "y1": 73999.999
  }
}