{
  "generated": "2026-06-25T00:06:05.667777+00:00",
  "tile_count": 13,
  "union_bounds": {
    "west": 13.71503159314574,
    "east": 15.129219953009217,
    "south": 45.79651114734346,
    "north": 46.49512963043907,
    "center": [
      14.422125773077479,
      46.145820388891266
    ]
  },
  "tiles": [
    {
      "name": "401_129",
      "source": "GKOT_401_129.laz",
      "bounds": {
        "west": 13.71503159314574,
        "east": 13.72780006067891,
        "south": 46.29350535392077,
        "north": 46.30264682701872,
        "corners": [
          [
            13.71503159314574,
            46.30264682701872
          ],
          [
            13.72780006067891,
            46.30264682701872
          ],
          [
            13.72780006067891,
            46.29350535392077
          ],
          [
            13.71503159314574,
            46.29350535392077
          ]
        ],
        "center": [
          13.721415826912324,
          46.29807609046975
        ],
        "epsg3794": {
          "x0": 400999.98600000003,
          "y0": 128999.97275,
          "x1": 402000.034,
          "y1": 130000.12825000001
        }
      },
      "files": {
        "susceptibility": "tiles/401_129/susceptibility.png",
        "ndvi": "tiles/401_129/ndvi.png",
        "classification": "tiles/401_129/classification.png"
      }
    },
    {
      "name": "430_150",
      "source": "GKOT_430_150.laz",
      "bounds": {
        "west": 14.088237432658243,
        "east": 14.101113759127792,
        "south": 46.486027748978564,
        "north": 46.49512963043907,
        "corners": [
          [
            14.088237432658243,
            46.49512963043907
          ],
          [
            14.101113759127792,
            46.49512963043907
          ],
          [
            14.101113759127792,
            46.486027748978564
          ],
          [
            14.088237432658243,
            46.486027748978564
          ]
        ],
        "center": [
          14.094675595893017,
          46.49057868970881
        ],
        "epsg3794": {
          "x0": 429999.96425,
          "y0": 149999.77825,
          "x1": 431000.0445,
          "y1": 151000.11525
        }
      },
      "files": {
        "susceptibility": "tiles/430_150/susceptibility.png",
        "ndvi": "tiles/430_150/ndvi.png",
        "classification": "tiles/430_150/classification.png"
      }
    },
    {
      "name": "434_77",
      "source": "GKOT_434_77.laz",
      "bounds": {
        "west": 14.150499214959142,
        "east": 14.163237416802566,
        "south": 45.82969545320511,
        "north": 45.838790481522125,
        "corners": [
          [
            14.150499214959142,
            45.838790481522125
          ],
          [
            14.163237416802566,
            45.838790481522125
          ],
          [
            14.163237416802566,
            45.82969545320511
          ],
          [
            14.150499214959142,
            45.82969545320511
          ]
        ],
        "center": [
          14.156868315880853,
          45.83424296736362
        ],
        "epsg3794": {
          "x0": 433999.936,
          "y0": 76999.87700000001,
          "x1": 435000.19,
          "y1": 78000.22125
        }
      },
      "files": {
        "susceptibility": "tiles/434_77/susceptibility.png",
        "ndvi": "tiles/434_77/ndvi.png",
        "classification": "tiles/434_77/classification.png"
      }
    },
    {
      "name": "435_75",
      "source": "GKOT_435_75.laz",
      "bounds": {
        "west": 14.163637541418028,
        "east": 14.176374732352006,
        "south": 45.8117958978842,
        "north": 45.82089067495146,
        "corners": [
          [
            14.163637541418028,
            45.82089067495146
          ],
          [
            14.176374732352006,
            45.82089067495146
          ],
          [
            14.176374732352006,
            45.8117958978842
          ],
          [
            14.163637541418028,
            45.8117958978842
          ]
        ],
        "center": [
          14.170006136885018,
          45.81634328641783
        ],
        "epsg3794": {
          "x0": 434999.86025,
          "y0": 74999.813,
          "x1": 436000.18325,
          "y1": 76000.28975
        }
      },
      "files": {
        "susceptibility": "tiles/435_75/susceptibility.png",
        "ndvi": "tiles/435_75/ndvi.png",
        "classification": "tiles/435_75/classification.png"
      }
    },
    {
      "name": "443_145",
      "source": "GKOT_443_145.laz",
      "bounds": {
        "west": 14.258159842446231,
        "east": 14.271056479257057,
        "south": 46.442271355953466,
        "north": 46.451286277205554,
        "corners": [
          [
            14.258159842446231,
            46.451286277205554
          ],
          [
            14.271056479257057,
            46.451286277205554
          ],
          [
            14.271056479257057,
            46.442271355953466
          ],
          [
            14.258159842446231,
            46.442271355953466
          ]
        ],
        "center": [
          14.264608160851644,
          46.44677881657951
        ],
        "epsg3794": {
          "x0": 442999.96425,
          "y0": 144999.77475,
          "x1": 444000.127,
          "y1": 145992.55225
        }
      },
      "files": {
        "susceptibility": "tiles/443_145/susceptibility.png",
        "ndvi": "tiles/443_145/ndvi.png",
        "classification": "tiles/443_145/classification.png"
      }
    },
    {
      "name": "452_145",
      "source": "GKOT_452_145.laz",
      "bounds": {
        "west": 14.375284587106034,
        "east": 14.388199493961887,
        "south": 46.442971957741435,
        "north": 46.452040421264776,
        "corners": [
          [
            14.375284587106034,
            46.452040421264776
          ],
          [
            14.388199493961887,
            46.452040421264776
          ],
          [
            14.388199493961887,
            46.442971957741435
          ],
          [
            14.375284587106034,
            46.442971957741435
          ]
        ],
        "center": [
          14.381742040533961,
          46.4475061895031
        ],
        "epsg3794": {
          "x0": 451999.95825,
          "y0": 144999.86800000002,
          "x1": 453000.0745,
          "y1": 146000.05525
        }
      },
      "files": {
        "susceptibility": "tiles/452_145/susceptibility.png",
        "ndvi": "tiles/452_145/ndvi.png",
        "classification": "tiles/452_145/classification.png"
      }
    },
    {
      "name": "457_100",
      "source": "GKOT_457_100.laz",
      "bounds": {
        "west": 14.444454995883275,
        "east": 14.457288533388768,
        "south": 46.038452422395444,
        "north": 46.04751215622451,
        "corners": [
          [
            14.444454995883275,
            46.04751215622451
          ],
          [
            14.457288533388768,
            46.04751215622451
          ],
          [
            14.457288533388768,
            46.038452422395444
          ],
          [
            14.444454995883275,
            46.038452422395444
          ]
        ],
        "center": [
          14.450871764636021,
          46.042982289309975
        ],
        "epsg3794": {
          "x0": 456999.79524999997,
          "y0": 100000.00025,
          "x1": 457999.9995,
          "y1": 101000.054
        }
      },
      "files": {
        "susceptibility": "tiles/457_100/susceptibility.png",
        "ndvi": "tiles/457_100/ndvi.png",
        "classification": "tiles/457_100/classification.png"
      }
    },
    {
      "name": "460_100",
      "source": "GKOT_460_100.laz",
      "bounds": {
        "west": 14.48321227589908,
        "east": 14.496052064104298,
        "south": 46.03863423764462,
        "north": 46.04768954564686,